[{"line":5,"elements":[{"start_timestamp":"2022-11-25T14:07:21.179Z","line":24,"name":"User Should login with the credentials","description":"","id":"ecommerce-website-amazon-login-feature;user-should-login-with-the-credentials;;2","type":"scenario","keyword":"Scenario","steps":[{"result":{"duration":2241999700,"status":"passed"},"line":10,"name":"User launches the amazon site home page","match":{"location":"com.ecommerce.stepdefs.F1_LoginFeature_stepdefs.user_launches_the_amazon_site_home_page()"},"keyword":"Given "},{"result":{"duration":3981206000,"status":"passed"},"line":11,"name":"Account signbuton should be displayed","match":{"location":"com.ecommerce.stepdefs.F1_LoginFeature_stepdefs.account_signbuton_should_be_displayed()"},"keyword":"And "},{"result":{"duration":1532120400,"status":"passed"},"line":12,"name":"User click on account signin button","match":{"location":"com.ecommerce.stepdefs.F1_LoginFeature_stepdefs.user_click_on_account_signin_button()"},"keyword":"When "},{"result":{"duration":93945500,"status":"passed"},"line":13,"name":"User should navigate to username page","match":{"location":"com.ecommerce.stepdefs.F1_LoginFeature_stepdefs.user_should_navigate_to_username_page()"},"keyword":"And "},{"result":{"duration":184894200,"status":"passed"},"line":14,"name":"User should see the \"pavan.ramisetty91@gmail.com\" field","match":{"arguments":[{"val":"\"pavan.ramisetty91@gmail.com\"","offset":20}],"location":"com.ecommerce.stepdefs.F1_LoginFeature_stepdefs.user_should_see_the_field(java.lang.String)"},"keyword":"And "},{"result":{"duration":417789800,"status":"passed"},"line":15,"name":"User should see the continue button","match":{"location":"com.ecommerce.stepdefs.F1_LoginFeature_stepdefs.user_should_see_the_continue_button()"},"keyword":"And "},{"result":{"duration":792482100,"status":"passed"},"line":16,"name":"User click on continue button","match":{"location":"com.ecommerce.stepdefs.F1_LoginFeature_stepdefs.user_click_on_continue_button()"},"keyword":"When "},{"result":{"duration":115934500,"status":"passed"},"line":17,"name":"User should see the password field","match":{"location":"com.ecommerce.stepdefs.F1_LoginFeature_stepdefs.user_should_see_the_password_field()"},"keyword":"And "},{"result":{"duration":105935700,"status":"passed"},"line":18,"name":"User should see the Keep me sign in checkbox","match":{"location":"com.ecommerce.stepdefs.F1_LoginFeature_stepdefs.user_should_see_the_keep_me_sign_in_checkbox()"},"keyword":"And "},{"result":{"duration":147917100,"status":"passed"},"line":19,"name":"User should click Signin buton","match":{"location":"com.ecommerce.stepdefs.F1_LoginFeature_stepdefs.user_should_see_the_signin_buton()"},"keyword":"And "},{"result":{"duration":3295011500,"status":"passed"},"line":20,"name":"User should Land on Ecomerce amazon User Home page","match":{"location":"com.ecommerce.stepdefs.F1_LoginFeature_stepdefs.user_should_land_on_ecomerce_amazon_user_home_page()"},"keyword":"Then "}],"tags":[{"name":"@AccountLoginFeature"},{"name":"@LoginToAmazonWebsite"}]}],"name":"Ecommerce website amazon login feature","description":"  I want to use this template for my feature file","id":"ecommerce-website-amazon-login-feature","keyword":"Feature","uri":"file:src/test/resources/Features/F1_Login_Feature.feature","tags":[{"name":"@AccountLoginFeature","type":"Tag","location":{"line":4,"column":1}}]},{"line":7,"elements":[{"start_timestamp":"2022-11-25T14:07:34.365Z","line":10,"name":"User should be able to search an Item in user Home page","description":"","id":"search-bar-feature-test-in-amazon-website;user-should-be-able-to-search-an-item-in-user-home-page","type":"scenario","keyword":"Scenario","steps":[{"result":{"duration":1351749500,"status":"passed"},"line":11,"name":"User should be able to see the search bar in the home page","match":{"location":"com.ecommerce.stepdefs.F2_SearchFeature_stepdefs.user_should_be_able_to_see_the_search_bar_in_the_home_page()"},"keyword":"Given "},{"result":{"duration":3134740000,"status":"passed"},"line":12,"name":"User should click the search to enter the item","match":{"location":"com.ecommerce.stepdefs.F2_SearchFeature_stepdefs.user_should_click_the_search_to_enter_the_item()"},"keyword":"When "},{"result":{"duration":60965700,"status":"passed"},"line":13,"name":"User can be able to scroll down little down to select an item","match":{"location":"com.ecommerce.stepdefs.F2_SearchFeature_stepdefs.user_can_be_able_to_scroll_down_little_down_to_select_an_item()"},"keyword":"And "},{"result":{"duration":4858376600,"status":"passed"},"line":14,"name":"User should select an item from the filtered list","match":{"location":"com.ecommerce.stepdefs.F2_SearchFeature_stepdefs.user_should_select_an_item_from_the_filtered_list()"},"keyword":"Then "},{"result":{"duration":34979900,"status":"passed"},"line":15,"name":"User should see the selected item is opened","match":{"location":"com.ecommerce.stepdefs.F2_SearchFeature_stepdefs.user_should_see_the_selected_item_is_opened()"},"keyword":"And "}],"tags":[{"name":"@SearchFeature"},{"name":"@SearchBarTest"}]}],"name":"Search bar feature test in Amazon website","description":"","id":"search-bar-feature-test-in-amazon-website","keyword":"Feature","uri":"file:src/test/resources/Features/F2_Search_Feature.feature","tags":[{"name":"@SearchFeature","type":"Tag","location":{"line":6,"column":1}}]},{"line":8,"elements":[{"start_timestamp":"2022-11-25T14:07:43.843Z","line":11,"name":"User should be on the Item page","description":"","id":"item-specification-test-hovering-and-selecting-the-item-images;user-should-be-on-the-item-page","type":"scenario","keyword":"Scenario","steps":[{"result":{"duration":79953000,"status":"passed"},"line":12,"name":"User should be able to magnify the selectem item by hovering the image","match":{"location":"com.ecommerce.stepdefs.F3_ItemSpec_stepdefs.user_should_be_able_to_magnify_the_selectem_item_by_hovering_the_image()"},"keyword":"Given "},{"result":{"duration":8509259000,"status":"passed"},"line":13,"name":"User can be able to select all the images of the items one after another","match":{"location":"com.ecommerce.stepdefs.F3_ItemSpec_stepdefs.user_can_be_able_to_select_all_the_images_of_the_items_one_after_another()"},"keyword":"When "},{"result":{"duration":43973300,"status":"passed"},"line":14,"name":"Verify the Item is in stock","match":{"location":"com.ecommerce.stepdefs.F3_ItemSpec_stepdefs.verify_the_item_is_in_stock()"},"keyword":"And "}],"tags":[{"name":"@ItemSpecificationFeature"},{"name":"@ItemSpecification"}]}],"name":"Item specification test hovering and selecting the item images","description":"","id":"item-specification-test-hovering-and-selecting-the-item-images","keyword":"Feature","uri":"file:src/test/resources/Features/F3_Item_Specifications.feature","tags":[{"name":"@ItemSpecificationFeature","type":"Tag","location":{"line":7,"column":1}}]},{"line":6,"elements":[{"start_timestamp":"2022-11-25T14:07:52.564Z","line":9,"name":"User Should be on the user cart page","description":"","id":"test-the-user-cart-items-addition-count-and-deletion;user-should-be-on-the-user-cart-page","type":"scenario","keyword":"Scenario","steps":[{"result":{"duration":40979400,"status":"passed"},"line":10,"name":"User should see the addItem to cart button","match":{"location":"com.ecommerce.stepdefs.F4_UserCart_stepdefs.user_should_see_the_add_item_to_cart_button()"},"keyword":"Given "},{"result":{"duration":1450022900,"status":"passed"},"line":11,"name":"User should be able to click the add to cart button","match":{"location":"com.ecommerce.stepdefs.F4_UserCart_stepdefs.user_should_be_able_to_click_the_add_to_cart_button()"},"keyword":"And "},{"result":{"duration":5133122200,"status":"passed"},"line":12,"name":"Item is added to cart and available in cart","match":{"location":"com.ecommerce.stepdefs.F4_UserCart_stepdefs.item_is_added_to_cart_and_available_in_cart()"},"keyword":"When "},{"result":{"duration":137920300,"status":"passed"},"line":13,"name":"Change the item quantity of the item","match":{"location":"com.ecommerce.stepdefs.F4_UserCart_stepdefs.change_the_item_quantity_of_the_item()"},"keyword":"And "}],"tags":[{"name":"@UserCartPageFeature"},{"name":"@Itemsadditionandcount"}]}],"name":"Test the user cart items addition count and deletion","description":"","id":"test-the-user-cart-items-addition-count-and-deletion","keyword":"Feature","uri":"file:src/test/resources/Features/F4_User_Cart_page.feature","tags":[{"name":"@UserCartPageFeature","type":"Tag","location":{"line":5,"column":1}}]},{"line":6,"elements":[{"start_timestamp":"2022-11-25T14:07:59.442Z","line":9,"name":"Navigate to home page and navigate to user account from the profile","description":"","id":"user-profile-and-user-account-edit-feature;navigate-to-home-page-and-navigate-to-user-account-from-the-profile","type":"scenario","keyword":"Scenario","steps":[{"result":{"duration":2953373400,"status":"passed"},"line":10,"name":"User Should be navigate to user home page","match":{"location":"com.ecommerce.stepdefs.F5_UserProfile_stepdefs.user_should_be_navigate_to_user_home_page()"},"keyword":"Given "},{"result":{"duration":923469600,"status":"passed"},"line":11,"name":"accounts and lists button should be displayed","match":{"location":"com.ecommerce.stepdefs.F5_UserProfile_stepdefs.accounts_and_lists_button_should_be_displayed()"},"keyword":"And "},{"result":{"duration":294829900,"status":"passed"},"line":12,"name":"To enter into user profile place cursor on accounts drop down and wait till you see your accounts","match":{"location":"com.ecommerce.stepdefs.F5_UserProfile_stepdefs.to_enter_into_user_profile_place_cursor_on_accounts_drop_down_and_wait_till_you_see_your_accounts()"},"keyword":"When "},{"result":{"duration":1590610300,"status":"passed"},"line":13,"name":"click on your accounts to go into user profile","match":{"location":"com.ecommerce.stepdefs.F5_UserProfile_stepdefs.click_on_your_accounts_to_go_into_user_profile()"},"keyword":"And "},{"result":{"duration":1887795000,"status":"passed"},"line":14,"name":"User should land on the edit profile page","match":{"location":"com.ecommerce.stepdefs.F5_UserProfile_stepdefs.user_should_land_on_the_edit_profile_page()"},"keyword":"And "},{"result":{"duration":20987900,"status":"passed"},"line":15,"name":"User should be able to click on new address button","match":{"location":"com.ecommerce.stepdefs.F5_UserProfile_stepdefs.user_should_be_able_to_click_on_new_address_button()"},"keyword":"Given "},{"result":{"duration":108937800,"status":"passed"},"line":16,"name":"User should be able to see the plus sign to add the new address","match":{"location":"com.ecommerce.stepdefs.F5_UserProfile_stepdefs.user_should_be_able_to_see_the_plus_sign_to_add_the_new_address()"},"keyword":"Then "}],"tags":[{"name":"@UserProfileFeature"},{"name":"@Useraccounttest"}]}],"name":"User profile and user account edit feature","description":"","id":"user-profile-and-user-account-edit-feature","keyword":"Feature","uri":"file:src/test/resources/Features/F5_User_Profile.feature","tags":[{"name":"@UserProfileFeature","type":"Tag","location":{"line":5,"column":1}}]},{"line":20,"elements":[{"start_timestamp":"2022-11-25T14:08:07.291Z","line":33,"name":"Add the full name of the new address","description":"","id":"adding-the-new-address-for-the-existing-user;add-the-full-name-of-the-new-address;;2","type":"scenario","keyword":"Scenario","steps":[{"result":{"duration":133922200,"status":"passed"},"line":24,"name":"User should be on the user profile page","match":{"location":"com.ecommerce.stepdefs.F6_AddressChange_stepdefs.user_should_be_on_the_user_profile_page()"},"keyword":"Given "},{"result":{"duration":1304251800,"status":"passed"},"line":25,"name":"Click on the new addess button to add new address","match":{"location":"com.ecommerce.stepdefs.F6_AddressChange_stepdefs.click_on_the_new_addess_button_to_add_new_address()"},"keyword":"And "},{"result":{"duration":137919700,"status":"passed"},"line":26,"name":"Full name address feild should be availble.","match":{"location":"com.ecommerce.stepdefs.F6_AddressChange_stepdefs.full_name_address_feild_should_be_availble()"},"keyword":"When "},{"result":{"duration":414761500,"status":"passed"},"line":27,"name":"Ener the full \"new name\" for the new address","match":{"arguments":[{"val":"\"new name\"","offset":14}],"location":"com.ecommerce.stepdefs.F6_AddressChange_stepdefs.ener_the_full_for_the_new_address(java.lang.String)"},"keyword":"And "},{"result":{"duration":24986000,"status":"passed"},"line":28,"name":"Scrol down till the submit is visible","match":{"location":"com.ecommerce.stepdefs.F6_AddressChange_stepdefs.scrol_down_till_the_submit_is_visible()"},"keyword":"And "},{"result":{"duration":4155543100,"status":"passed"},"line":29,"name":"click on add new address","match":{"location":"com.ecommerce.stepdefs.F6_AddressChange_stepdefs.click_on_add_new_address()"},"keyword":"Then "}],"tags":[{"name":"@UserAddingNewAddressFeature"},{"name":"@Addnewaddress"}]}],"name":"Adding the new address for the existing user","description":"","id":"adding-the-new-address-for-the-existing-user","keyword":"Feature","uri":"file:src/test/resources/Features/F6_User_Details.feature","tags":[{"name":"@UserAddingNewAddressFeature","type":"Tag","location":{"line":19,"column":1}}]},{"line":20,"elements":[{"start_timestamp":"2022-11-25T14:08:13.533Z","line":23,"name":"User should logout from teh web app","description":"","id":"logout-feature-from-the-website;user-should-logout-from-teh-web-app","type":"scenario","keyword":"Scenario","steps":[{"result":{"duration":3527970600,"status":"passed"},"line":24,"name":"Should be navigate to user home page","match":{"location":"com.ecommerce.stepdefs.F7_LogoutFeature_stepdefs.should_be_navigate_to_user_home_page()"},"keyword":"Given "},{"result":{"duration":964058200,"status":"passed"},"line":25,"name":"Hover the mouse on accounts and list page to see the singout option","match":{"location":"com.ecommerce.stepdefs.F7_LogoutFeature_stepdefs.hover_the_mouse_on_accounts_and_list_page_to_see_the_singout_option()"},"keyword":"And "},{"result":{"duration":1670964000,"status":"passed"},"line":26,"name":"click on signout button","match":{"location":"com.ecommerce.stepdefs.F7_LogoutFeature_stepdefs.click_on_signout_button()"},"keyword":"When "}],"tags":[{"name":"@LogoutFeature"},{"name":"@Logout"}]}],"name":"Logout feature from the website","description":"","id":"logout-feature-from-the-website","keyword":"Feature","uri":"file:src/test/resources/Features/F7_Logout.feature","tags":[{"name":"@LogoutFeature","type":"Tag","location":{"line":19,"column":1}}]}]